Henry,Fowobaje,HAFowobaje21@my.fisk.edu
Collins,Ikpeyi,CIkpeyi05@my.fisk.edu
Oreoluwa,Owoseeni,OOwoseeni06@my.fisk.edu
Chukwuanugo,Obiaga,CPObiaga27@my.fisk.edu
Feyisayo,Adeaga,FAAdeaga07@my.fisk.edu
Shalom,Akinbulumo,SOAkinbulumo07@my.fisk.edu
Oluwatamilore,Oladejo,OPOladejo21@my.fisk.edu